player_key,player,teams,PA,woba_denom,obp_numerator,woba_raw_numerator,H,1B,2B,3B,HR,BB,IBB,HBP,SO,ROE,SF,SH,reach_opportunities,wOBA,OBP,batting_runs,baserunning_runs,sb_cs_runs,non_steal_advancement_runs,runner_advancement_runs,batter_advancement_runs,sb_cs_attempts,advancement_opportunities,double_play_avoidance_runs,double_play_opportunities,actual_double_plays,expected_double_plays,range_runs,fielding_opportunities,arm_runs,arm_runs_unshrunk,arm_opportunities,catcher_stolen_bases_allowed,catcher_caught_stealing,catcher_steal_attempts,catcher_cs_rate,catcher_throwing_runs,throwing_runs,positional_adjustment_runs,league_adjustment_runs,position_replacement_runs,hitting_runs,wRAA,batting_war,baserunning_component_runs,baserunning_war,defense_runs,defense_war,defensive_war,offensive_war,position_war
sierrasaccoferrie,Sierra Sacco-Ferrie,Portland Cascade,26,26,9,7.730623089392683,4,2,1,1,0,3,0,2,2,0,0,0,10,0.3138464274233167,0.34615384615384615,-1.0844440738360548,-0.002106960462753077,0.09124857800996938,-0.09335553847272246,-0.0226563306998743,-0.07069920777284816,0,13,0.0,0,0,0.0,0.029250833413347766,22,-0.1011857065202167,-0.3035571195606501,20,0,0,0,0.0,0.0,-0.1011857065202167,0.0,0.004667135079975043,1.044875705990523,-1.0844440738360548,-1.0844440738360548,-0.10593672642003933,-0.002106960462753077,-0.0002058238866398711,-0.07193487310686894,-0.007027144281794182,-0.007027144281794182,-0.0036152411506654835,-0.010642385432459668
korbeotis,Korbe Otis,Portland Cascade,53,52,19,18.36896957470877,14,10,1,1,2,3,0,2,7,3,0,1,23,0.37287003969836857,0.36538461538461536,0.7388352482512954,-0.9803598939243636,-0.6541890310200227,-0.3261708629043409,-0.05759037826660446,-0.2685804846377364,2,33,0.3188664872640029,2,0,0.35253251511265804,1.6913621762242566,45,-1.9440502961543074,-3.3579050569938036,55,0,0,0,0.0,0.0,-1.9440502961543074,0.0,0.009513775355333742,2.1299389391345276,0.7388352482512954,0.7388352482512954,0.07217503368948473,-0.6614934066603607,-0.06461969569546705,-0.2526881199300508,-0.024684493074809116,-0.024684493074809116,0.21655331435050723,0.1918688212756981
torividales,Tori Vidales,Portland Cascade,44,44,10,9.883337385452494,6,2,3,0,1,3,0,1,3,1,0,0,11,0.23709750416376055,0.22727272727272727,-5.034468583088447,1.6941962057829083,0.10037343581096633,1.593822769971942,1.0872355228326729,0.5065872471392691,0,16,-1.3665196879200252,4,2,0.5579866439034302,-0.5907052974650857,25,0.571835880080408,1.715507640241224,20,0,0,0,0.0,0.0,0.571835880080408,0.0,0.007898228596880842,1.7682511947531927,-5.034468583088447,-5.034468583088447,-0.4918050951860824,0.3276765178628831,0.032009928833231144,-0.018869417384677734,-0.0018433078804286412,-0.0018433078804286412,-0.2862874123965203,-0.2881307202769489
aubreyleach,Aubrey Leach,Carolina Blaze,57,56,18,16.433309851623918,12,9,1,1,1,6,0,0,4,3,0,1,23,0.30975124082328837,0.32142857142857145,-2.552988653791824,-0.7821228743639983,0.2098717294229296,-0.9919946037869279,-1.0113541897931624,0.019359586006234497,0,33,0.26298930217333794,2,0,0.29267344711963494,0.6755983212849119,34,0.08417955527741518,0.19279833628053156,31,0,0,0,0.0,0.0,0.08417955527741518,0.0,0.010231796136868363,2.290689047748454,-2.552988653791824,-2.552988653791824,-0.2493953050188332,-0.5191335721906604,-0.05071290676897909,0.7597778765623271,0.07422086854572993,0.07422086854572993,-0.07533680325347449,-0.0011159347077445807
anagold,Ana Gold,Carolina Blaze,48,48,17,15.156603976392805,7,3,2,1,1,6,0,4,11,0,0,0,18,0.3333010667074724,0.3541666666666667,-1.117366171106404,0.09496119105108919,0.1642474404179449,-0.0692862493668557,0.4889746101273994,-0.5582608594942551,0,28,0.1059885862137469,1,0,0.11901306240928883,1.012243428529219,40,0.11728402324427437,0.7037041394656463,8,0,0,0,0.0,0.0,0.11728402324427437,0.0,0.008616249378415465,1.9290013033671194,-1.117366171106404,-1.117366171106404,-0.10915280671025278,0.2009497772648361,0.019630299147626745,1.1295274517734935,0.11034081289151162,0.11034081289151162,0.09975867857155316,0.2100994914630648
jennalaird,Jenna Laird,Carolina Blaze,40,40,11,9.364610731937338,9,9,0,0,0,1,0,1,6,3,0,0,20,0.24711879398180042,0.275,-4.197031057645335,-0.6525056432279074,-0.3664169808018136,-0.28608866242609376,0.608385788015094,-0.8944744504411878,1,33,0.05045025867115829,7,1,1.092346526588146,0.7152439788522257,20,0.044133327484467015,0.39719994736020314,5,0,0,0,0.0,0.0,0.044133327484467015,0.0,0.00718020781534622,1.607501086139266,-4.197031057645335,-4.197031057645335,-0.40999784281858626,-0.6020553845567491,-0.0588133386518391,0.7593773063366926,0.07418173780636875,0.07418173780636875,-0.3110768596919427,-0.23689512188557396
devynnetz,Devyn Netz,Carolina Blaze,39,39,13,13.010550487113864,8,4,2,0,2,3,0,2,6,1,1,0,16,0.3521333051660621,0.3333333333333333,-0.21205025772924166,1.1889017527036103,0.14599772481595102,1.0429040278876593,-0.02855487421380354,1.0714589021014629,0,17,-0.3781779434512703,4,1,0.6167589422306403,-0.17547763256594875,12,-0.650575924687848,-2.277015736407468,15,0,0,0,0.0,0.0,-0.650575924687848,0.0,0.007000702619962565,1.5673135589857845,-0.21205025772924166,-0.21205025772924166,-0.02071467831522087,0.81072380925234,0.07919765385334326,-0.8260535572537967,-0.08069517996769038,-0.08069517996769038,0.21227393927214297,0.13157875930445262
sydneystewart,Sydney Stewart,Portland Cascade,43,43,18,15.183827166758984,8,7,0,0,1,8,0,2,10,1,0,0,20,0.37272526644464216,0.4186046511627907,0.6050622429576084,2.6065498363048487,0.18249715601993877,2.42405268028491,2.354985619304124,0.06906706098078569,0,27,-1.3964319386423822,3,2,0.5204712183462871,-0.09339625608298587,4,0.01812999939558304,0.38072998730724383,2,8,2,10,0.2,-0.20405984543015893,-0.18592984603457588,0.0,0.007718723401497187,1.728063667599711,0.6050622429576084,0.6050622429576084,0.059107071397935314,1.2101178976624665,0.11821349920534713,-0.27932610211756176,-0.027286693316817028,-0.027286693316817028,0.3468849665151513,0.3195982731983343
kennedypowell,Kennedy Powell,Portland Cascade,33,33,12,9.914449523053303,8,8,0,0,0,1,0,3,8,1,0,0,13,0.3171251633459442,0.36363636363636365,-1.2739049533524023,1.177874696740489,0.1186231514129602,1.0592515453275286,-0.2050967029086821,1.2643482482362107,0,25,0.18307409632250926,2,0,0.2070633768746976,-0.3658278602054502,20,-0.04597310022691027,-0.1992167676499445,12,0,0,0,0.0,0.0,-0.04597310022691027,0.0,0.005923671447660632,1.3261883960648946,-1.2739049533524023,-1.2739049533524023,-0.12444470285226393,1.3609487930629982,0.13294780564607864,-0.4118009604323605,-0.04022784276049959,-0.04022784276049959,0.13863391826106292,0.09840607550056332
kenleighcahalan,Kenleigh Cahalan,Portland Cascade,45,45,16,15.348093494785669,9,5,2,0,2,6,0,1,8,1,0,0,17,0.3600128149520068,0.35555555555555557,0.09124648150516115,1.1004120950958975,0.15512258261694797,0.9452895124789497,0.7933063964351419,0.15198311604380776,0,26,0.0,0,0,0.0,0.89208470156736,30,0.13042605187077477,0.5030719143587027,14,0,0,0,0.0,0.0,0.13042605187077477,0.0,0.008077733792264499,1.8084387219066744,0.09124648150516115,0.09124648150516115,0.008913648735992619,1.1004120950958975,0.10749660390979272,1.0225107534381348,0.09988660970348934,0.09988660970348934,0.29386136464657836,0.3937479743500677
alyssabrito,Alyssa Brito,Carolina Blaze,46,46,15,14.193264641264827,8,5,1,0,2,5,0,2,7,1,0,0,16,0.32568706212505943,0.32608695652173914,-1.402623416755247,0.33028066579367993,0.14599772481595102,0.1842829409777289,0.5150775764373117,-0.33079463545958276,0,21,0.21709084861352795,2,0,0.24350420840524098,0.10216910977775198,38,0.3922708869907253,1.2639839691923371,18,0,0,0,0.0,0.0,0.3922708869907253,0.0,0.008257238987648154,1.848626249060156,-1.402623416755247,-1.402623416755247,-0.13701889913559986,0.5473715144072079,0.05347140324789619,0.4944399967684773,0.04830065093491024,0.04830065093491024,0.09784697415755138,0.1461476250924616
kaylakowalik,Kayla Kowalik,Carolina Blaze,27,26,12,10.060780687110546,10,8,2,0,0,2,1,0,2,1,0,0,16,0.408445740948315,0.46153846153846156,1.2457135238818084,-0.05350346876787193,0.14599772481595102,-0.19950119358382296,-0.17739885230467645,-0.02210234127914651,0,23,0.6830144801926546,5,0,0.7590449443765069,-0.10673857838055531,2,0.014779568235230998,0.31037093293985096,2,6,2,8,0.25,-0.06724168368690168,-0.05246211545167069,0.0,0.004846640275358699,1.0850632331440047,1.2457135238818084,1.2457135238818084,0.12169075009133287,0.6295110114247827,0.06149541263092497,-0.15920069383222601,-0.015551931865630385,-0.015551931865630385,0.2896568299227336,0.27410489805710325
karlispaid,Karli Spaid,Carolina Blaze,3,3,1,0.7240552558033316,0,0,0,0,0,1,0,0,1,0,0,0,1,0.25475721552430475,0.3333333333333333,-0.2930678784153688,0.31080801066288816,0.009124857800996939,0.30168315286189124,0.30168315286189124,0,0,6,0.0,0,0,0.0,-0.005870621810930543,1,0.0009594170837091602,0.03933610043207557,1,0,0,0,0.0,0.0,0.0009594170837091602,0.0,0.0005385155861509666,0.12056258146044496,-0.2930678784153688,-0.2930678784153688,-0.028629094304851978,0.31080801066288816,0.03036208504351951,-0.004911204727221383,-0.00047976374635904967,-0.00047976374635904967,0.013563064872053736,0.013083301125694684
mckenzieclark,McKenzie Clark,Carolina Blaze,19,18,4,2.8962210232133265,0,0,0,0,0,4,0,0,7,1,0,1,6,0.1698381436828698,0.2222222222222222,-3.2065177820988766,0.2509992733884365,0.054749146805981634,0.19625012658245483,0.24412013699264046,-0.047870010410185626,0,14,0.09911577495850368,1,0,0.1116504854368932,-0.7725883237284642,32,-3.8733391488115965,-7.169797998864019,47,0,0,0,0.0,0.0,-3.8733391488115965,0.0,0.0034105987122894548,0.7635630159161514,-3.2065177820988766,-3.2065177820988766,-0.3132369895679412,0.3501150483469402,0.03420189476536886,-4.645927472540061,-0.45384945106927443,-0.45384945106927443,-0.2041112919577931,-0.6579607430270676
aleshiaocasio,Aleshia Ocasio,Carolina Blaze,40,40,13,11.270674624802124,8,6,1,1,0,5,0,0,7,0,0,0,15,0.2974171164577798,0.325,-2.2909671647805494,1.7383655865673098,0.13687286701495407,1.6014927195523556,0.580008063071136,1.0214846564812197,0,21,0.1393174458473072,1,0,0.1547169811320755,0.18310324128490665,19,0.32405316448765953,0.9412972873212967,21,0,0,0,0.0,0.0,0.32405316448765953,0.0,0.00718020781534622,1.607501086139266,-2.2909671647805494,-2.2909671647805494,-0.22379905762603763,1.877683032414617,0.18342632737603856,0.5071564057725662,0.04954288626471033,0.04954288626471033,0.11736159152848359,0.16690447779319392
kellytorres,Kelly Torres,Portland Cascade,10,10,3,2.485241799082494,2,2,0,0,0,1,0,0,1,0,0,0,3,0.2623280235441763,0.3,-0.9051686483131739,-0.048342138666939594,-0.7591216873387682,0.7107795486718286,0.6387360080466005,0.07204354062522805,1,10,0.10891217039212939,1,0,0.12214498510427012,0.013977670978406053,1,0.0,0.0,0,4,0,4,0.0,-0.11966412771549251,-0.11966412771549251,0.0,0.001795051953836555,0.4018752715348165,-0.9051686483131739,-0.9051686483131739,-0.08842374242606277,0.060570031725189794,0.005916940333701882,-0.10568645673708646,-0.010324255094184472,-0.010324255094184472,-0.04307322164774022,-0.05339747674192469
sisbates,Sis Bates,Portland Cascade,42,41,14,12.639222503065515,10,7,1,2,0,3,0,1,4,2,0,1,20,0.3253962475591514,0.34146341463414637,-1.2614603312567265,-0.5915040083394231,0.18249715601993877,-0.7740011643593618,0.12587028801337508,-0.8998714523727369,0,30,0.42662958667951656,3,0,0.4734465449065193,-0.04376070981368484,31,0.05558960492994537,0.22663454317593112,13,0,0,0,0.0,0.0,0.05558960492994537,0.0,0.007539218206113532,1.6878761404462295,-1.2614603312567265,-1.2614603312567265,-0.12322901773012855,-0.1648744216599065,-0.016106184654837492,0.011828895116260535,0.0011555362383510763,0.0011555362383510763,0.02628583548244076,0.027441371720791845
kendrafalby,Kendra Falby,Portland Cascade,42,40,11,9.89540344684874,9,7,2,0,0,1,0,1,5,0,1,2,14,0.2611256608252763,0.275,-3.6662383427339336,0.5420369535983385,0.12774800921395715,0.41428894438438135,-1.260263815260342,1.6745527596447234,0,26,0.40240158814544874,3,0,0.4474920268105833,0.21308162801487085,53,-1.045060983401978,-1.6338277346143597,71,0,0,0,0.0,0.0,-1.045060983401978,0.0,0.007539218206113532,1.6878761404462295,-3.6662383427339336,-3.6662383427339336,-0.358145982513414,0.9444385417437873,0.09225992361536761,-0.8319793553871071,-0.08127405689718319,-0.08127405689718319,-0.10026502103063956,-0.18153907792782273
dakotakennedy,Dakota Kennedy,Carolina Blaze,48,48,19,18.119893652263986,13,9,2,0,2,2,0,4,11,2,0,0,22,0.39846524276362905,0.3958333333333333,1.8459235047647766,-2.1399272280136583,0.20074687162193267,-2.340674099635591,-0.8977732550126041,-1.4429008446229867,0,34,-0.23388445071810948,5,1,0.7768065700012943,0.33357774153161995,21,0.12680214093302694,0.46494118342109886,15,0,0,0,0.0,0.0,0.12680214093302694,0.0,0.008616249378415465,1.9290013033671194,1.8459235047647766,1.8459235047647766,0.1803238157084987,-2.3738116787317676,-0.2318919384131552,0.4603798824646469,0.04497340050504101,0.04497340050504101,0.1377130634295227,0.18268646393456373
rylieboone,Rylie Boone,Texas Volts,56,56,20,18.09497847348623,18,15,3,0,0,2,0,0,4,0,0,0,22,0.3410720107781074,0.35714285714285715,-0.891320031929514,-0.22029480263799817,-0.5773615919833832,0.35706678934538505,0.11190854373847364,0.2451582456069114,1,36,0.5730615744436007,4,0,0.635785059722594,0.5752679369316251,48,-1.2143486904047653,-1.8797452330923081,73,0,0,0,0.0,0.0,-1.2143486904047653,0.0,0.010052290941484708,2.2505015205949723,-0.891320031929514,-0.891320031929514,-0.08707090448768731,0.35276677180560256,0.03446093523537505,-0.6390807534731402,-0.06243025765405381,-0.06243025765405381,0.16821808123756343,0.10578782358350962
jackielis,Jackie Lis,Texas Volts,32,32,12,10.15868387956888,6,4,2,0,0,6,0,0,6,2,0,0,17,0.33509157249322075,0.375,-0.6906295520972596,1.4050789686712448,-0.1600240410042519,1.5651030096754968,0.7265827144431498,0.838520295232347,1,17,0.5464698733420628,5,0,0.6127699863182552,0.2478772063313932,22,0.06659576784793773,0.2715058227646692,13,0,0,0,0.0,0.0,0.06659576784793773,0.0,0.005744166252276976,1.2860008689114129,-0.6906295520972596,-0.6906295520972596,-0.06746593548094985,1.9515488420133076,0.19064210018723673,0.31447297417933096,0.03072010649132681,0.03072010649132681,0.249363622129073,0.2800837286203998
aminahvega,Aminah Vega,Texas Volts,36,36,14,14.371617154791894,11,7,0,2,2,3,0,0,6,0,0,0,18,0.42138510143515334,0.3888888888888889,2.1661395441674878,-0.27392626033303724,0.1642474404179449,-0.4381737007509821,-0.8114992040259246,0.3733255032749424,0,21,0.5349494598595016,4,0,0.5949570249075653,-0.7882937838016976,30,0.03262624932827513,0.10939389480656957,17,0,0,0,0.0,0.0,0.03262624932827513,0.0,0.006462187033811599,1.4467509775253395,2.1661395441674878,2.1661395441674878,0.21160494839201036,0.26102319952646436,0.025498726900414402,-0.7556675344734224,-0.07381933913921587,-0.07381933913921587,0.3790645648930592,0.30524522575384333
tiarejennings,Tiare Jennings,Texas Volts,43,43,13,14.7517843632658,9,4,1,0,4,4,0,0,4,1,1,0,15,0.36211968806977585,0.3023255813953488,0.1730194394644258,-1.6867859937117018,-0.33058866173663815,-1.3561973319750635,-0.6751572416458851,-0.6810400903291784,1,16,-0.645017824269347,2,1,0.3199605190848526,-0.25091268068208666,40,-0.4919796959114413,-1.5277264241460546,19,0,0,0,0.0,0.0,-0.4919796959114413,0.0,0.007718723401497187,1.728063667599711,0.1730194394644258,0.1730194394644258,0.016901851802329466,-2.331803817981049,-0.22778829179899818,-0.742892376593528,-0.07257136477341213,-0.07257136477341213,-0.04132204408479988,-0.11389340885821203
mayabrady,Maya Brady,Oklahoma City Spark,44,44,26,27.360600245820024,18,9,3,1,5,8,0,0,4,0,0,0,29,0.6563703916710213,0.5909090909090909,12.442794277279082,0.07209471111072419,0.26462087622891123,-0.19252616511818704,-0.48298853246331513,0.2904623673451281,0,39,0.17075586741757745,1,0,0.18839574664817382,0.3018482930090221,31,-0.2708601110013747,-0.589519065120639,34,0,0,0,0.0,0.0,-0.2708601110013747,0.0,0.007898228596880842,1.7682511947531927,12.442794277279082,12.442794277279082,1.2155065669640255,0.24285057852830164,0.023723487378649568,0.030988182007647413,0.0030271607718655095,0.0030271607718655095,1.4127378082990059,1.4157649690708713
sydneyromero,Sydney Romero,Oklahoma City Spark,59,59,25,27.510414961966276,22,12,4,1,5,1,0,2,6,3,1,0,31,0.4921768330118699,0.423728813559322,7.5069933223318355,-0.928721243370795,0.2828705918309051,-1.2115918352017,-1.6354707903242574,0.42387895512255713,0,49,-1.8846188974720928,8,3,1.024853343573757,0.5991803366042318,37,0.18933442903878966,0.9466721451939483,10,0,0,0,0.0,0.0,0.18933442903878966,0.0,0.010590806527635676,2.3710641020554175,7.5069933223318355,7.5069933223318355,0.733340074432605,-2.8133401408428877,-0.27482841394737034,0.7885147656430214,0.07702810594058775,0.07702810594058775,0.6911697851084966,0.7681978910490842
sydneysherrill,Sydney Sherrill,Oklahoma City Spark,53,53,21,20.39071090951443,13,6,5,0,2,7,0,1,7,0,1,0,25,0.40609957561810317,0.39622641509433965,2.4215355383173853,0.16082132122286788,0.22812144502492349,-0.0673001238020556,-0.6091509211131039,0.5418507973110482,0,32,0.6035567222408386,5,0,0.6739249203793509,0.5046314415381588,30,0.09670144456966087,0.6492811278248659,7,0,0,0,0.0,0.0,0.09670144456966087,0.0,0.009513775355333742,2.1299389391345276,2.4215355383173853,2.4215355383173853,0.23655396716927737,0.7643780434637064,0.0746702477569548,0.6013328861078197,0.058742759520678936,0.058742759520678936,0.5202221912827217,0.5789649508034006
haleylee,Haley Lee,Oklahoma City Spark,46,46,12,9.57137226601512,4,3,1,0,0,7,0,1,17,1,0,0,16,0.21963038050884554,0.2608695652173913,-6.024515792004955,-0.37012842230402637,0.14599772481595102,-0.5161261471199774,-0.16972096702423872,-0.3464051800957387,0,10,0.335454499201977,3,0,0.3757741988187125,0.10104071733858414,8,-0.031975411418678844,-0.24514482087653783,6,6,2,8,0.25,-0.06724168368690168,-0.09921709510558052,0.0,0.008257238987648154,1.848626249060156,-6.024515792004955,-6.024515792004955,-0.5885204195115742,-0.034673923102049364,-0.0033872119311581963,0.0018236222330035995,0.0001781452582499977,0.0001781452582499977,-0.4105131613974774,-0.41033501613922735
daniecacoffey,Danieca Coffey,Texas Volts,34,34,9,7.877659770539433,7,6,1,0,0,2,0,0,6,0,1,0,10,0.2445650203251857,0.2647058823529412,-3.64973575060584,-0.6144825069853769,-0.2238980456112305,-0.3905844613741464,-0.10295503120054628,-0.2876294301736001,1,19,0.1059885862137469,1,0,0.11901306240928883,-2.018708181388828,22,1.1729127145554326,2.552810025797118,34,0,0,0,0.0,0.0,1.1729127145554326,0.0,0.006103176643044287,1.366375923218376,-3.64973575060584,-3.64973575060584,-0.35653388408466674,-0.5084939207716299,-0.049673544879531566,-0.8457954668333956,-0.08262371950661297,-0.08262371950661297,-0.272133255452488,-0.354756974959101
jalialassiter,Jalia Lassiter,Texas Volts,39,37,12,11.948259540201555,7,4,0,1,2,4,0,1,7,0,0,2,12,0.34086229324833256,0.32432432432432434,-0.5962591151624191,0.7726685153579651,0.10949829361196327,0.6631702217460018,0.7222256311257994,-0.059055409379797585,0,18,0.0,0,0,0.0,-0.29364817195824305,27,-0.3838955439457287,-0.7776345633772453,39,0,0,0,0.0,0.0,-0.3838955439457287,0.0,0.007000702619962565,1.5673135589857845,-0.5962591151624191,-0.5962591151624191,-0.058247115072496816,0.7726685153579651,0.07548012396370872,-0.6775437159039718,-0.06618761169991608,-0.06618761169991608,0.1710239726252325,0.10483636092531642
rachelgarcia,Rachel Garcia,Texas Volts,16,16,5,3.9333523106891577,2,2,0,0,0,3,0,0,5,0,0,0,5,0.25948897053672443,0.3125,-1.491304405143912,-0.6947002389792895,0.04562428900498469,-0.7403245279842742,-0.28648402430898556,-0.4538405036752886,0,6,0.13722294928496964,1,0,0.15247322794492607,-0.14453506586181578,2,-0.02747303069999596,-0.30220333769995555,2,0,0,0,0.0,0.0,-0.02747303069999596,0.0,0.002872083126138488,0.6430004344557064,-1.491304405143912,-1.491304405143912,-0.14568193103576677,-0.5574772896943199,-0.05445861206546683,-0.17200809656181174,-0.01680305615304154,-0.01680305615304154,-0.13704681438984054,-0.1538498705428821
bubbanicklescamarena,Bubba Nickles-Camarena,Oklahoma City Spark,54,54,18,16.569648098727875,11,9,0,0,2,5,0,2,5,1,0,0,21,0.3238885260034536,0.3333333333333333,-1.7385683172087352,-0.45509057789806806,0.19162201382093572,-0.6467125917190037,-0.7642580102887786,0.1175454185697749,0,34,0.3469571524848435,3,0,0.3880965465504758,0.3217854174737539,61,1.8076978402901815,2.826119158763523,71,0,0,0,0.0,0.0,1.8076978402901815,0.0,0.009693280550717397,2.1701264662880093,-1.7385683172087352,-1.7385683172087352,-0.1698365463247797,-0.10813342541322457,-0.010563293563255067,2.1294832577639355,0.20802408417042692,0.20802408417042692,0.03254149451291683,0.24056557868334372
jessiwarren,Jessi Warren,Oklahoma City Spark,38,38,12,11.91224053223538,9,7,0,0,2,1,0,2,1,1,0,0,15,0.3308917165533153,0.3157894736842105,-0.9713191678681619,0.4379826604563014,0.13687286701495407,0.3011097934413473,0.47237523210098037,-0.17126543865963306,0,16,0.40230674802064514,3,0,0.44739042825171044,0.5754760385378639,22,0.025354148421035387,0.2281873357893185,5,0,0,0,0.0,0.0,0.025354148421035387,0.0,0.0068211974245789096,1.5271260318323028,-0.9713191678681619,-0.9713191678681619,-0.09488582715842826,0.8402894084769466,0.08208584594371304,0.6008301869588992,0.058693652053087374,0.058693652053087374,0.13704762447484328,0.19574127652793066
delaniewisz,Delanie Wisz,Oklahoma City Spark,55,55,22,24.573237564226144,17,7,4,1,5,5,0,0,5,3,1,0,27,0.4716020970225688,0.4,5.925980103549967,0.20684096491534154,-0.511065273137113,0.7179062380524546,-0.19536761874140107,0.9132738567938556,1,33,0.35791307839882525,3,0,0.39983320639021996,-0.11047767295756403,15,-0.049206046604770695,-0.21322620195400632,12,16,8,24,0.3333333333333333,0.2503109675397817,0.20110492093501103,0.0,0.009872785746101053,2.210313993441491,5.925980103549967,5.925980103549967,0.5788947057266839,0.5647540433141668,0.055169460578590145,0.09062724797744698,0.008853157305961078,0.008853157305961078,0.8509488587506877,0.8598020160566486
amariharper,Amari Harper,Oklahoma City Spark,46,46,22,19.458193203556625,12,8,3,0,1,3,0,7,5,1,0,0,23,0.4464992331858198,0.4782608695652174,3.8623051455365487,1.3352199673093559,0.2098717294229296,1.1253482378864264,0.9576478631168494,0.167700374769577,0,30,-0.6255002193756249,2,1,0.3408689745930999,0.83966173833547,23,-0.479844107688258,-1.0443665873215027,34,0,0,0,0.0,0.0,-0.479844107688258,0.0,0.008257238987648154,1.848626249060156,3.8623051455365487,3.8623051455365487,0.37729927566119187,0.7097197479337309,0.06933081067592368,0.35981763064721195,0.03514971663236096,0.03514971663236096,0.6280245563823706,0.6631742730147316
gracejenkins,Grace Jenkins,Oklahoma City Spark,43,43,12,10.957193197984006,7,5,1,0,1,4,0,1,6,0,1,0,14,0.2689718941970644,0.27906976744186046,-3.6215717258173683,-0.9758734629857537,0.12774800921395715,-1.1036214721997109,-0.2124317108184668,-0.8911897613812441,0,17,-0.5488256334892259,3,1,0.42847908182676453,-2.1271473834410672,24,0.7962798221767023,1.76146748542119,33,0,0,0,0.0,0.0,0.7962798221767023,0.0,0.007718723401497187,1.728063667599711,-3.6215717258173683,-3.6215717258173683,-0.3537826084210454,-1.5246990964749796,-0.1489441779001042,-1.3308675612643648,-0.13000924265300778,-0.13000924265300778,-0.33316239040928064,-0.4631716330622884
michaelaedenfield,Michaela Edenfield,Texas Volts,21,21,4,4.28204195518221,3,2,0,0,1,1,0,0,6,0,0,0,5,0.2152324063504061,0.19047619047619047,-2.8378199843486938,-0.3935835721987796,0.04562428900498469,-0.43920786120376426,0.0003939542938224405,-0.4396018154975867,0,3,0.1059885862137469,1,0,0.11901306240928883,0.07389593887884603,6,0.008905817544991698,0.08015235790492528,5,12,2,14,0.14285714285714285,-0.5624075153789312,-0.5535016978339395,0.0,0.003769609103056766,0.8439380702231147,-2.8378199843486938,-2.8378199843486938,-0.277219790825946,-0.2875949859850327,-0.028094460641293895,-0.47960575895509344,-0.04685153001590578,-0.04685153001590578,-0.22250373253353656,-0.26935526254944225
sierraromero,Sierra Romero,Texas Volts,36,36,7,7.52695262288859,4,2,0,0,2,3,0,0,11,0,1,0,7,0.22069511456725344,0.19444444444444445,-4.678524987735816,0.27548752025379003,0.06387400460697858,0.21161351564681147,0.2841882058886744,-0.07257469024186292,0,10,-0.5831741272438988,2,1,0.3862112806287563,-0.517374927658,25,0.15869324543445254,0.5554263590205839,16,0,0,0,0.0,0.0,0.15869324543445254,0.0,0.006462187033811599,1.4467509775253395,-4.678524987735816,-4.678524987735816,-0.4570338237193553,-0.3076866069901088,-0.030057162646037056,-0.35868168222354746,-0.035038748570209687,-0.035038748570209687,-0.34513009676475803,-0.38016884533496775
aliyahbinford,Aliyah Binford,Texas Volts,49,49,15,18.76100114421281,14,5,3,1,5,0,0,1,10,0,0,0,19,0.40414384379577956,0.30612244897959184,2.1479899519740315,-1.5491297470216097,-0.37554183860281054,-1.1735879084187992,-0.6798461274169837,-0.49374178100181554,1,21,-0.4203958582033743,4,1,0.571532522439282,-0.07601473834214016,3,-0.030771461924371562,-0.23591454142018198,3,0,0,0,0.0,0.0,-0.030771461924371562,0.0,0.00879575457379912,1.969188830520601,2.1479899519740315,2.1479899519740315,0.209831958498643,-1.9695256052249839,-0.19239820683415368,-0.10678620026651173,-0.010431686387526158,-0.010431686387526158,0.2106582958431306,0.20022660945560442
morganzerkle,Morgan Zerkle,Chicago Bandits,59,59,22,21.083288601336914,16,9,4,2,1,5,0,1,6,3,0,0,29,0.3771919190469235,0.3728813559322034,1.0798669617024705,-0.5798771289670095,0.26462087622891123,-0.8444980051959208,0.6674280631016682,-1.511926068297589,0,43,0.7145311220315566,6,0,0.7982790921058003,1.877259920207394,45,0.8807834720715978,1.585410249728876,50,0,0,0,0.0,0.0,0.8807834720715978,0.0,0.010590806527635676,2.3710641020554175,1.0798669617024705,1.0798669617024705,0.10548959937348343,0.13465399306454706,0.013154023862369628,2.7580433922789918,0.2694266079290945,0.2694266079290945,0.351301747859115,0.6207283557882096
ailanaagbayani,Ailana Agbayani,Chicago Bandits,48,46,15,14.408842875624616,13,10,1,1,1,1,0,1,7,0,0,2,17,0.33063384805354973,0.32608695652173914,-1.1870451823954566,0.5349502110405202,0.15512258261694797,0.37982762842357226,0.3282289871302083,0.051598641293363945,0,29,1.0890906770553594,8,0,1.2104734374335033,0.2149698434209072,37,-0.13131807609168838,-0.5353736948353449,13,0,0,0,0.0,0.0,-0.13131807609168838,0.0,0.008616249378415465,1.9290013033671194,-1.1870451823954566,-1.1870451823954566,-0.11595958129110878,1.6240408880958797,0.15864863795934264,0.0836517673292188,0.008171739422910945,0.008171739422910945,0.23197024280241307,0.24014198222532399
erincoffel,Erin Coffel,Chicago Bandits,52,51,31,25.807945638171365,12,6,5,0,1,15,1,4,5,2,0,0,34,0.5341451592984502,0.6078431372549019,8.516852356453452,-0.7159598582474787,0.31024516523389595,-1.0262050234813747,-0.6347740114746645,-0.39143101200671016,0,43,0.26987164237608113,2,0,0.30004623208506703,2.4039449450077233,30,0.004638673334060852,0.04174806000654767,5,0,0,0,0.0,0.0,0.004638673334060852,0.0,0.009334270159950087,2.089751411981046,8.516852356453452,8.516852356453452,0.8319907681858728,-0.4460882158713975,-0.043577282060112923,2.408583618341784,0.23528872534060846,0.23528872534060846,0.9934681044377874,1.228756829778396
jocelynerickson,Jocelyn Erickson,Chicago Bandits,50,50,19,15.826705060260524,10,8,2,0,0,6,0,3,5,0,0,0,23,0.3341154377177722,0.38,-1.1253471767178183,-0.16522826231777976,0.2098717294229296,-0.37509999174070935,-1.035624268241176,0.6605242765004666,0,30,0.5018616248139306,4,0,0.5595113065070932,0.4779106295310236,13,0.12037930509372347,0.46432017679007626,14,5,2,7,0.2857142857142857,-0.012166796239887756,0.10821250885383571,0.0,0.008975259769182776,2.0093763576740824,-1.1253471767178183,-1.1253471767178183,-0.10993245190211816,0.33663336249615083,0.03288490138589109,0.5861231383848593,0.057256955944155676,0.057256955944155676,0.12012035170687622,0.1773773076510319
tarynkern,Taryn Kern,Chicago Bandits,33,32,12,9.701392608574695,5,4,1,0,0,3,0,4,8,0,1,1,13,0.32000748749742225,0.375,-1.1479208230914446,-0.1924454826271117,0.1186231514129602,-0.3110686340400719,-0.9629015363589128,0.651832902318841,0,21,-0.5524582732488624,3,1,0.42458757530199187,0.5579610758491679,11,0.09346782907104637,0.5608069744262782,8,0,0,0,0.0,0.0,0.09346782907104637,0.0,0.005923671447660632,1.3261883960648946,-1.1479208230914446,-1.1479208230914446,-0.11213761697967392,-0.7449037558759741,-0.07276785156504324,0.6514289049202142,0.06363651879116769,0.06363651879116769,-0.05477465307746896,0.00886186571369873
jessicaclements,Jessica Clements,Chicago Bandits,26,26,9,8.528470297543867,7,6,0,0,1,2,0,0,7,0,0,0,9,0.3462372829872746,0.34615384615384615,-0.2865968656848713,0.6966665032033679,0.08212372020897245,0.6145427829943955,0.5552823836075188,0.05926039938687666,0,15,0.17471930088591217,2,0,0.1981132075471698,-0.5400987049140114,23,0.2840712895231095,0.5830936995474353,38,0,0,0,0.0,0.0,0.2840712895231095,0.0,0.004667135079975043,1.044875705990523,-0.2865968656848713,-0.2865968656848713,-0.02799695667615307,0.87138580408928,0.08512357784166161,-0.25602741539090185,-0.02501070079561901,-0.02501070079561901,0.15965393032152228,0.13464322952590324
aliyahandrews,Aliyah Andrews,Utah Talons,66,64,24,19.606993293689193,15,13,1,1,0,9,1,0,5,1,0,1,26,0.32337546342298296,0.375,-2.091633569643084,-0.5486113211332063,0.2372463028259204,-0.7858576239591267,0.1988904477434691,-0.9847480717025958,0,59,0.886518968919591,6,0,0.9825230228646606,-0.7948964462018603,46,1.4633399369301086,2.4074302188205015,62,0,0,0,0.0,0.0,1.4633399369301086,0.0,0.011847342895321264,2.652376792129789,-2.091633569643084,-2.091633569643084,-0.2043266394129865,0.3379076477863847,0.03300938324293612,0.6684434907282483,0.06529863264782794,0.06529863264782794,0.088944374764446,0.15424300741227395
hannahflippen,Hannah Flippen,Utah Talons,38,38,12,10.546619368998794,8,6,1,1,0,4,0,0,3,1,1,0,15,0.29295823715100733,0.3157894736842105,-2.3369403311047465,0.04783645552224022,0.13687286701495407,-0.08903641149271385,0.760890814663852,-0.8499272261565658,0,29,-0.9664760337715634,6,2,0.9974811193248154,-0.7545470200485094,31,0.2143418805198271,0.9937669005919256,11,0,0,0,0.0,0.0,0.2143418805198271,0.0,0.0068211974245789096,1.5271260318323028,-2.3369403311047465,-2.3369403311047465,-0.22829006537927443,-0.9186395782493232,-0.0897396850861774,-0.5402051395286822,-0.05277133736783257,-0.05277133736783257,-0.16818214477589333,-0.22095348214372587
sahvannajaquish,Sahvanna Jaquish,Utah Talons,59,59,18,15.671119663118853,11,10,0,0,1,7,0,0,12,4,0,0,22,0.2803651655639222,0.3050847457627119,-4.33230197651559,1.3674363541018026,0.20074687162193267,1.16668948247987,1.0810921681960135,0.08559731428385631,0,33,-1.4165476789230393,4,2,0.5043935913875464,1.06349101316829,44,0.037197456804692795,0.1434759048181008,14,0,4,4,1.0,0.29243792567165444,0.3296353824763472,0.0,0.010590806527635676,2.3710641020554175,-4.33230197651559,-4.33230197651559,-0.4232121326751898,-0.0491113248212367,-0.004797566889096742,1.3931263956446374,0.136091158045512,0.136091158045512,-0.19535157494102462,-0.05926041689551256
sharlizepalacios,Sharlize Palacios,Utah Talons,31,30,12,10.637799261767128,7,4,2,1,0,3,0,2,3,0,0,1,15,0.37428857777263413,0.4,0.4665679195801231,-1.6091180916471621,0.13687286701495407,-1.7459909586621163,-1.2698313363296148,-0.4761596223325016,0,19,0.4321328001779908,4,0,0.4848135126188751,0.0,0,0.0,0.0,0,2,0,2,0.0,-0.031013738446057655,-0.031013738446057655,0.0,0.005564661056893321,1.2458133417579311,0.4665679195801231,0.4665679195801231,0.04557789492830839,-1.1769852914691714,-0.1149768548060965,-0.031013738446057655,-0.0030296573187040747,-0.0030296573187040747,0.052845139500535945,0.04981548218183186
jaydacoleman,Jayda Coleman,Utah Talons,29,29,13,13.003570472305544,12,8,3,0,1,1,0,0,2,0,1,0,16,0.47330452392678957,0.4482758620689655,3.1713801748581063,-1.7566190507555044,0.14599772481595102,-1.9026167755714554,-2.0303282623658396,0.12771148679438432,0,29,0.6555110847650932,4,0,0.7241100323624595,-0.16071496785790051,20,0.3080835090237598,0.9566803701264122,19,0,0,0,0.0,0.0,0.3080835090237598,0.0,0.00520565066612601,1.165438287450968,3.1713801748581063,3.1713801748581063,0.30980448145145256,-1.101107965990411,-0.10756458185937474,0.1473685411658593,0.014396077405065065,0.014396077405065065,0.31659728288147776,0.3309933602865428
maryiakopo,Mary Iakopo,Chicago Bandits,45,45,16,15.552973295102657,10,6,1,1,2,2,0,4,8,2,2,0,20,0.3648185814574026,0.35555555555555557,0.2961262818221485,-0.366725532859027,0.18249715601993877,-0.5492226888789657,-0.654405850883673,0.10518316200470723,0,16,-1.4293452194700578,3,2,0.48521249313061005,0.017789763063425907,4,-0.005121012219352145,-0.07340117514404741,3,6,4,10,0.4,0.20804220795698802,0.20292119573763587,0.0,0.008077733792264499,1.8084387219066744,0.2961262818221485,0.2961262818221485,0.028927862358275006,-1.7960707523290846,-0.17545382054370953,0.22071095880106179,0.021560721317517597,0.021560721317517597,0.03092515381535844,0.052485875132876045
samiwilliams,Sami Williams,Chicago Bandits,57,57,33,36.49225378995738,24,8,8,1,7,5,0,4,7,0,2,0,34,0.6757746070681078,0.5789473684210527,17.166914239802075,-1.658053584369489,-0.5679561661341177,-1.0900974182353713,-1.449076045941165,0.3589786277057937,1,44,0.27866481637519935,2,0,0.3094660194174757,1.3906683222367433,39,0.021880591105554997,0.11912766268579943,9,0,0,0,0.0,0.0,0.021880591105554997,0.0,0.010231796136868363,2.290689047748454,17.166914239802075,17.166914239802075,1.6769944538173807,-1.3793887679942896,-0.13474916232884282,1.4125489133422984,0.13798849696170634,0.13798849696170634,1.7670167000228756,1.905005196984582
belladayton,Bella Dayton,Chicago Bandits,33,31,10,8.640555476134006,9,9,0,0,0,0,0,1,3,0,0,2,14,0.29420903589351943,0.3225806451612903,-1.8697169107925653,0.5426523228272581,-0.33971351953763507,0.8823658423648931,0.8281136755437424,0.05425216682115075,1,28,0.662022885337268,5,0,0.7365574604115981,-0.49809530356612114,35,0.38368446725179645,0.863290051316542,32,0,0,0,0.0,0.0,0.38368446725179645,0.0,0.005923671447660632,1.3261883960648946,-1.8697169107925653,-1.8697169107925653,-0.18264813616520104,1.204675208164526,0.11768181599341995,-0.1144108363143247,-0.011176518696113833,-0.011176518696113833,0.0651644952954671,0.05398797659935327
carolinejacobsen,Caroline Jacobsen,Utah Talons,42,41,8,8.856660051360738,4,0,1,1,2,4,0,0,8,0,1,0,13,0.2280143375845187,0.1951219512195122,-5.044022782961503,-1.2353199446372511,-0.8019035181060983,-0.433416426531153,-0.37496917017831155,-0.058447256352841426,1,6,0.45921707922640254,3,0,0.5083562657330265,-0.6295543008674089,16,0.213000537688731,0.7141782734269216,17,0,0,0,0.0,0.0,0.213000537688731,0.0,0.007539218206113532,1.6878761404462295,-5.044022782961503,-5.044022782961503,-0.4927384219315861,-0.7761028654108486,-0.07581561733838871,-0.4165537631786779,-0.04069213259933286,-0.04069213259933286,-0.40293300140256805,-0.4436251340019009
jadelynallchin,Jadelyn Allchin,Utah Talons,64,64,27,26.980934233123158,23,14,5,2,2,3,0,1,7,2,1,0,33,0.444992864562742,0.421875,5.282307369790879,5.195835331127392,0.30112030743289897,4.894715023694493,3.5578142185271497,1.3369008051673437,0,64,1.0818627394708418,8,0,1.2027304273549007,0.3838060573350584,62,0.9911323100732158,1.6518871834553597,60,0,0,0,0.0,0.0,0.9911323100732158,0.0,0.011488332504553953,2.5720017378228257,5.282307369790879,5.282307369790879,0.5160158685921246,6.277698070598234,0.613253185754523,1.3749383674082742,0.13431441342780215,0.13431441342780215,1.3816439691922198,1.515958382620022
briellis,Bri Ellis,Utah Talons,38,37,21,21.308532522933085,13,5,3,1,4,7,1,1,7,1,0,0,22,0.6078939980409168,0.5675675675675675,8.764013867569112,-0.5742220108846738,0.20074687162193267,-0.7749688825066066,-1.029596688314933,0.25462780580832645,0,25,0.10891217039212939,1,0,0.12214498510427012,0.13785416532547926,8,0.02260034883594552,0.32393833331521915,3,0,0,0,0.0,0.0,0.02260034883594552,0.0,0.0068211974245789096,1.5271260318323028,8.764013867569112,8.764013867569112,0.8561353801731034,-0.4653098404925444,-0.04545499621611925,0.16045451416142478,0.01567441454998345,0.01567441454998345,0.9605279896465426,0.976202404196526
rachelbecker,Rachel Becker,Utah Talons,23,23,4,3.5223730865583254,4,4,0,0,0,0,0,0,5,0,0,0,5,0.16165292077120422,0.17391304347826086,-4.275570942451712,0.016421679135257966,0.04562428900498469,-0.029202609869726726,-0.2779008314014377,0.24869822153171095,0,16,-0.47561508632743277,3,1,0.5069067104421565,-0.572365874729976,12,0.08597869416706695,0.7738082475036026,5,0,0,0,0.0,0.0,0.08597869416706695,0.0,0.004128619493824077,0.924313124530078,-4.275570942451712,-4.275570942451712,-0.41767021476522154,-0.45919340719217483,-0.044857496596875976,-0.4863871805629091,-0.04751399073927427,-0.04751399073927427,-0.37183047633947003,-0.41934446707874434
elonbutler,Elon Butler,Chicago Bandits,18,18,7,6.722125399929087,5,2,2,1,0,2,0,0,7,0,0,0,7,0.39419412067548304,0.3888888888888889,0.619386594616884,-0.8241730652036539,0.06387400460697858,-0.8880470698106324,-0.8456599477896016,-0.04238712202103079,0,14,0.0,0,0,0.0,-0.5760950854023054,19,0.12473137068837913,0.3623149339043394,21,0,0,0,0.0,0.0,0.12473137068837913,0.0,0.0032310935169057994,0.7233754887626698,0.619386594616884,0.619386594616884,0.06050638276814298,-0.8241730652036539,-0.08051147923414646,-0.4513637147139262,-0.04409263282009567,-0.04409263282009567,0.05097534833431371,0.006882715514218044
jaydyngoodwin,Jaydyn Goodwin,Texas Volts,35,35,8,7.0882463916681875,5,3,2,0,0,1,0,2,3,2,0,0,13,0.21377002051607533,0.22857142857142856,-4.778190174216652,-1.3517629756294185,0.014598920980856606,-1.366361896610275,-0.574559762451448,-0.791802134158827,1,26,0.3415117348351549,2,0,0.37679149329634765,0.6650743977564676,45,-2.1309602752733197,-3.5057733560948163,62,0,0,0,0.0,0.0,-2.1309602752733197,0.0,0.0062826818384279426,1.4065634503718578,-4.778190174216652,-4.778190174216652,-0.4667698754425894,-1.0102512407942636,-0.09868900747730655,-1.4658858775168522,-0.14319885636903654,-0.14319885636903654,-0.42744135136372363,-0.5706402077327601
leighanngoode,Leighann Goode,Texas Volts,33,32,8,7.153604514736101,7,6,1,0,0,1,0,0,5,0,1,1,9,0.23596684514010624,0.25,-3.695708916930038,-0.05015836973718675,0.08212372020897245,-0.1322820899461592,0.16255750873355412,-0.2948395986797133,0,16,0.2024363050356017,2,0,0.22780536246276067,-2.7163539820496587,31,-0.8568574267714782,-2.4147800209014387,22,0,0,0,0.0,0.0,-0.8568574267714782,0.0,0.005923671447660632,1.3261883960648946,-3.695708916930038,-3.695708916930038,-0.36102489183790365,0.15227793529841493,0.014875664278797494,-3.573211408821137,-0.34905840567530694,-0.34905840567530694,-0.216018412091858,-0.5650768177671649
megangrant,Megan Grant,Portland Cascade,48,44,22,21.690314460365514,11,2,2,0,7,10,4,1,6,2,0,0,27,0.5203423927072927,0.5,6.772508491824575,1.4367187876497902,0.24637116062691736,1.1903476270228728,0.8258448637567588,0.364502763266114,0,30,0.3543137978984976,3,0,0.3959774363501671,-0.31714718353473387,14,0.043031735684348794,0.15778303084261225,15,0,0,0,0.0,0.0,0.043031735684348794,0.0,0.008616249378415465,1.9290013033671194,6.772508491824575,6.772508491824575,0.661590022561438,1.7910325855482878,0.17496165418050758,-0.27411544785038505,-0.02677767706702676,-0.02677767706702676,1.0258328628761246,0.9990551858090979
reeseatwood,Reese Atwood,Carolina Blaze,45,45,18,21.48395832143334,15,7,1,1,6,3,0,0,2,2,0,0,21,0.5039388321577863,0.4,6.22711130815283,0.8122629727251172,0.19162201382093572,0.6206409589041815,-1.30320009951558,1.9238410584197614,0,25,-0.4806795200449245,5,1,0.5124245541354903,0.04073666488725981,2,-0.004646430259733588,-0.1905036406490771,1,4,4,8,0.5,0.2859886477877957,0.2813422175280621,0.0,0.008077733792264499,1.8084387219066744,6.22711130815283,6.22711130815283,0.6083114869219612,0.3315834526801927,0.03239158787390273,0.3220788824153219,0.03146310932513999,0.03146310932513999,0.818154186796657,0.8496172961217968
alinewland,Ali Newland,Portland Cascade,13,13,2,1.604648527442913,1,1,0,0,0,1,0,0,4,0,0,0,2,0.1302904570005645,0.15384615384615385,-2.802885054171456,-0.08735174833915513,0.018249715601993878,-0.105601463941149,0.0003939542938224405,-0.10599541823497144,0,2,0.0,0,0,0.0,0.1494247119472042,4,-0.026016953953803407,-0.2341525855842307,5,0,0,0,0.0,0.0,-0.026016953953803407,0.0,0.0023335675399875216,0.5224378529952615,-2.802885054171456,-2.802885054171456,-0.2738070817430351,-0.08735174833915513,-0.008533181645212417,0.12340775799340079,0.012055406278732403,0.012055406278732403,-0.23107660881024064,-0.21902120253150822
valeriecagle,Valerie Cagle,Carolina Blaze,16,16,7,6.923821770100954,6,5,0,0,1,1,0,0,5,0,0,0,7,0.45677458854136255,0.4375,1.4991650542678843,0.6872864474045424,0.06387400460697858,0.6234124427975638,0.21118714026072416,0.41222530253683964,0,14,0.0976337907771498,1,0,0.110062893081761,-0.2499742885997751,10,-0.15377844096997945,-0.6663732442032443,12,0,0,0,0.0,0.0,-0.15377844096997945,0.0,0.002872083126138488,0.6430004344557064,1.4991650542678843,1.4991650542678843,0.1464498188926154,0.7849202381816922,0.0766769652211469,-0.40375272956975455,-0.03944163049595998,-0.03944163049595998,0.28622051282515537,0.24677888232919543
bricopeland,Bri Copeland,Chicago Bandits,5,5,0,0.0,0,0,0,0,0,0,0,0,1,0,0,0,1,0.0,0.0,-1.6952052236978343,-0.5048788216297954,-0.5397892790207555,0.034910457390960103,0.034910457390960103,0,1,2,0.0,0,0,0.0,0.033546410348174516,1,0.0,0.0,0,0,0,0,0.0,0.0,0.0,0.0,0.0008975259769182775,0.20093763576740825,-1.6952052236978343,-1.6952052236978343,-0.1656005102904444,-0.5048788216297954,-0.04932039456223107,0.033546410348174516,0.0032770679292459296,0.0032770679292459296,-0.19520411463036516,-0.19192704670111924
maddiemoore,Maddie Moore,Utah Talons,20,20,5,4.198748668144859,2,1,1,0,0,3,0,0,7,0,0,0,5,0.2215980432728554,0.25,-2.5820722266464786,0.3198337670832738,0.04562428900498469,0.2742094780782891,0.17198427813211103,0.10222519994617807,0,10,0.10891217039212939,1,0,0.12214498510427012,-1.5096516177957682,28,0.1575551470372522,0.9453308822235132,8,0,0,0,0.0,0.0,0.1575551470372522,0.0,0.00359010390767311,0.803750543069633,-2.5820722266464786,-2.5820722266464786,-0.25223640911553613,0.42874593747540324,0.04188315670477039,-1.352096470758516,-0.1320830436276606,-0.1320830436276606,-0.1314860915215244,-0.263569135149185
billieandrews,Billie Andrews,Oklahoma City Spark,10,9,0,0.0,0,0,0,0,0,0,0,0,7,0,0,1,0,0.0,0.0,-3.0513694026561016,0.04423038850556088,0.0,0.04423038850556088,0.04423038850556088,0,0,7,0.0,0,0,0.0,0.0,0,0.0,0.0,0,0,0,0,0.0,0.0,0.0,0.0,0.001795051953836555,0.4018752715348165,-3.0513694026561016,-3.0513694026561016,-0.2980809185227999,0.04423038850556088,0.004320759990868854,0.0,0.0,0.0,-0.25432657808731046,-0.25432657808731046
tiannabell,Tianna Bell,Chicago Bandits,18,18,5,6.0700028868563685,4,2,0,0,2,0,0,1,5,0,0,0,6,0.3559528137495369,0.2777777777777778,-0.03273591845583482,0.10058810798957313,0.054749146805981634,0.04583896118359149,0.0003939542938224405,0.045445006889769046,0,3,0.20802794535063307,2,0,0.2337954705411633,0.036427026019376446,3,0.002301888661121318,0.032993737476072225,3,0,0,0,0.0,0.0,0.002301888661121318,0.0,0.0032310935169057994,0.7233754887626698,-0.03273591845583482,-0.03273591845583482,-0.003197892930796511,0.3086160533402062,0.03014795801860438,0.038728914680497765,0.00378333427978435,0.00378333427978435,0.09793050988812506,0.10171384416790942
jordanwoolery,Jordan Woolery,Utah Talons,51,51,19,16.744771154337897,14,11,3,0,0,5,0,0,10,0,0,0,19,0.3465653012853933,0.37254901960784315,-0.5463221273800111,2.207792190712233,0.17337229821894184,2.0344198924932915,2.0022158847174065,0.032204007775884946,0,38,0.45414722759396003,4,0,0.5083967175598865,0.9184235188352272,21,0.0011356182731091869,0.007624865548018826,7,0,0,0,0.0,0.0,0.0011356182731091869,0.0,0.009154764964566431,2.049563884827564,-0.5463221273800111,-0.5463221273800111,-0.05336889115982175,2.661939418306193,0.2600384424678537,0.9195591371083364,0.08982951457358453,0.08982951457358453,0.40778081157559737,0.4976103261491818
kaileywyckoff,Kailey Wyckoff,Utah Talons,49,49,19,16.414016673814285,12,9,3,0,0,5,0,2,6,1,1,0,20,0.3535858102503016,0.3877551020408163,-0.1989945184244914,1.5762309404589625,0.18249715601993877,1.3937337844390236,1.0226107647263754,0.3711230197126483,0,41,0.07708551010876237,1,0,0.0880503144654088,-0.0302658898599529,6,0.01081809671460251,0.22718003100665274,2,0,0,0,0.0,0.0,0.01081809671460251,0.0,0.00879575457379912,1.969188830520601,-0.1989945184244914,-0.1989945184244914,-0.01943929462664923,1.653316450567725,0.16150849705876313,-0.01944779314535039,-0.0018998080137270083,-0.0018998080137270083,0.3352937466107552,0.3333939385970281
taylorbiehl,Taylor Biehl,Utah Talons,29,28,7,6.767283754264705,5,4,0,0,1,2,0,0,4,0,0,1,10,0.2551128846000104,0.25,-2.7258654984431665,-1.6962897436805453,-0.8292780915090892,-0.8670116521714563,-0.5482033898846694,-0.3188082622867869,1,16,0.3277555423825466,2,0,0.36205501618122976,-0.7815425071607079,37,0.33881489850214563,1.0917368951735804,18,0,0,0,0.0,0.0,0.33881489850214563,0.0,0.00520565066612601,1.165438287450968,-2.7258654984431665,-2.7258654984431665,-0.2662832270777421,-1.3685342012979986,-0.1336888058842311,-0.4427276086585623,-0.043248992445645305,-0.043248992445645305,-0.2856146496725733,-0.32886364211821856
jordynruddlee,Jordyn Rudd-Lee,Carolina Blaze|Texas Volts,8,8,3,2.3198645588206865,1,1,0,0,0,1,0,1,1,0,0,0,3,0.3060896754745777,0.375,-0.39246379909584833,-0.07458862007928019,0.027374573402990817,-0.10196319348227101,0.0003939542938224405,-0.10235714777609345,0,2,-0.7941615902308649,1,1,0.1547169811320755,0.0,0,0.0,0.0,0,4,0,4,0.0,-0.11966412771549251,-0.11966412771549251,0.0,0.001436041563069244,0.3215002172278532,-0.39246379909584833,-0.39246379909584833,-0.03833884210138773,-0.868750210310145,-0.08486611304115149,-0.11966412771549251,-0.01168970006470361,-0.01168970006470361,-0.09165809078684271,-0.1033477908515463
mariahmazon,Mariah Mazon,Portland Cascade,2,2,0,0.0,0,0,0,0,0,0,0,0,1,0,0,0,0,0.0,0.0,-0.6780820894791337,0.0,0.0,0,0,0,0,0,0.0,0,0,0.0,0.0,0,0.0,0.0,0,0,0,0,0.0,0.0,0.0,0.0,0.000359010390767311,0.0803750543069633,-0.6780820894791337,-0.6780820894791337,-0.06624020411617776,0.0,0.0,0.0,0.0,0.0,-0.058353488027253625,-0.058353488027253625
sarahwillis,Sarah Willis,Utah Talons,1,1,0,0.0,0,0,0,0,0,0,0,0,1,0,0,0,0,0.0,0.0,-0.33904104473956687,0.0,0.0,0,0,0,0,0,0.0,0,0,0.0,0.0,0,0.0,0.0,0,0,0,0,0.0,0.0,0.0,0.0,0.0001795051953836555,0.04018752715348165,-0.33904104473956687,-0.33904104473956687,-0.03312010205808888,0.0,0.0,0.0,0.0,0.0,-0.029176744013626812,-0.029176744013626812
kkmadrey,KK Madrey,Oklahoma City Spark,5,4,0,0.0,0,0,0,0,0,0,0,0,3,0,0,1,1,0.0,0.0,-1.3561641789582675,0.4406383213475965,-0.768983605804319,1.2096219271519155,1.2096219271519155,0,1,6,0.0,0,0,0.0,-0.20667049244644162,6,-0.031138862467455997,-0.15569431233727998,10,0,0,0,0.0,0.0,-0.031138862467455997,0.0,0.0008975259769182775,0.20093763576740825,-1.3561641789582675,-1.3561641789582675,-0.13248040823235552,0.4406383213475965,0.04304489500658446,-0.23780935491389762,-0.02323102240074413,-0.02323102240074413,-0.06971872300346074,-0.09294974540420488
sarahgordon,Sarah Gordon,Utah Talons,14,14,7,6.264172018670962,6,5,1,0,0,0,0,1,1,0,0,0,7,0.4722931833046675,0.5,1.5175973923170263,-0.5514838976500746,0.06387400460697858,-0.6153579022570531,-0.45169516316144226,-0.16366273909561085,0,16,0.095591312578489,1,0,0.10787486515641855,0.0,1,0.0,0.0,0,0,2,2,1.0,0.08137773065952789,0.08137773065952789,0.0,0.002513072735371177,0.5626253801487431,1.5175973923170263,1.5175973923170263,0.14825042954677886,-0.45589258507158553,-0.044535047243897216,0.08137773065952789,0.007949594264522073,0.007949594264522073,0.1589223949253506,0.16687198918987264
macbarbara,Mac Barbara,Chicago Bandits,23,23,12,11.270269229656504,9,7,1,0,1,2,0,1,4,0,1,0,13,0.517228554182469,0.5217391304347826,3.4723252006464667,-1.821591282772455,-0.4983618723517246,-1.3232294104207303,0.25991525862039744,-1.5831446690411277,1,13,0.13722294928496964,1,0,0.15247322794492607,0.008921917645791096,1,0.0,0.0,0,0,0,0,0.0,0.0,0.0,0.0,0.004128619493824077,0.924313124530078,3.4723252006464667,3.4723252006464667,0.3392030752873141,-1.6843683334874853,-0.16454188061911726,0.008921917645791096,0.0008715606194803005,0.0008715606194803005,0.2653584296908244,0.2662299903103047
dejahmulipola,Dejah Mulipola,Texas Volts,21,21,8,6.683990467227353,4,3,1,0,0,4,0,0,6,0,1,0,8,0.3359638619475653,0.38095238095238093,-0.43587147230355056,-0.05164903621619363,0.07299886240797551,-0.12464789862416914,0.3352555479194743,-0.45990344654364346,0,11,0.0,0,0,0.0,0.10505877845366046,10,-0.03682459004507978,-0.15013102095301756,13,4,2,6,0.3333333333333333,0.03265101934203807,-0.00417357070304171,0.0,0.003769609103056766,0.8439380702231147,-0.43587147230355056,-0.43587147230355056,-0.04257923301879894,-0.05164903621619363,-0.005045469795541331,0.10088520775061875,0.009855232658979746,0.009855232658979746,0.035185816119363125,0.045041048778342876
sydneymckinney,Sydney McKinney,Oklahoma City Spark,23,23,10,9.336725431307215,10,8,2,0,0,0,0,0,1,0,0,0,13,0.42849207035144676,0.43478260869565216,1.5387814022971773,0.04459653397423691,0.1186231514129602,-0.0740266174387233,0.8513224006516569,-0.9253490180903802,0,17,0.09911577495850368,1,0,0.1116504854368932,0.06598393742745912,18,-0.5234671168351066,-1.361014503771277,25,0,0,0,0.0,0.0,-0.5234671168351066,0.0,0.004128619493824077,0.924313124530078,1.5387814022971773,1.5387814022971773,0.15031984439618484,0.1437123089327406,0.014038908895270081,-0.4574831794076475,-0.044690428568845225,-0.044690428568845225,0.25505598831408244,0.2103655597452372
skylarwallace,Skylar Wallace,Chicago Bandits,25,24,15,13.947662657395801,11,8,1,0,2,3,1,1,2,1,1,0,16,0.6134317224394991,0.625,5.810677583646196,-0.6164666487050172,-0.16914889880524886,-0.44731774989976836,-0.8101241295567292,0.3628063796569608,1,24,0.33938912612282895,3,0,0.37998921251348433,0.13117677735514502,10,-0.004661015473651129,-0.05127117021016242,4,0,0,0,0.0,0.0,-0.004661015473651129,0.0,0.004487629884591388,1.0046881788370412,5.810677583646196,5.810677583646196,0.5676310806110253,-0.27707752258218826,-0.027067035004489367,0.12651576188149388,0.01235901968356264,0.01235901968356264,0.6391479967180875,0.6515070164016502
bayleeklingler,Baylee Klingler,Carolina Blaze,24,24,8,7.795575817314978,7,6,0,0,1,0,0,1,0,0,0,0,8,0.34285698030469147,0.3333333333333333,-0.3414092564346262,-1.276031404277222,0.07299886240797551,-1.3490302666851977,-0.6999764748978564,-0.6490537917873412,0,14,-0.7835939030299799,1,1,0.16603773584905662,0.06720740561729471,15,0.1398400192866711,0.5701170017071976,13,0,0,0,0.0,0.0,0.1398400192866711,0.0,0.0043081246892077325,0.9645006516835597,-0.3414092564346262,-0.3414092564346262,-0.033351446947601525,-2.059625307307202,-0.2011998294537946,0.20704742490396583,0.020225963640925403,0.020225963640925403,-0.1399106833343065,-0.1196847196933811
miadavidson,Mia Davidson,Portland Cascade,19,19,4,3.1916186060347096,2,2,0,0,0,0,0,2,2,0,0,0,5,0.1773100797077587,0.21052631578947367,-3.25016124401706,0.516777129450039,0.04562428900498469,0.4711528404450543,-0.10751190347215028,0.5786647439172046,0,9,-1.6098394007983639,2,2,0.28638446730491735,0.0,0,0.0,0.0,0,4,2,6,0.3333333333333333,0.03265101934203807,0.03265101934203807,0.0,0.0034105987122894548,0.7635630159161514,-3.25016124401706,-3.25016124401706,-0.3175004141158714,-1.093062271348325,-0.10677861735210158,0.03265101934203807,0.003189599341105182,0.003189599341105182,-0.34935522862319374,-0.34616562928208855
keirstinroose,Keirstin Roose,Oklahoma City Spark,10,10,0,0.0,0,0,0,0,0,0,0,0,4,1,0,0,1,0.0,0.0,-3.3904104473956687,-0.16764264868805348,0.009124857800996939,-0.17676750648905043,0.0,-0.17676750648905043,0,1,-0.7852725351123211,1,1,0.16423948220064724,0.2099176731877487,10,-0.028033490202510433,-0.2523014118225939,5,0,0,0,0.0,0.0,-0.028033490202510433,0.0,0.001795051953836555,0.4018752715348165,-3.3904104473956687,-3.3904104473956687,-0.3312010205808888,-0.9529151838003745,-0.09308798633632728,0.18188418298523829,0.01776782721941686,0.01776782721941686,-0.38485542647259546,-0.3670875992531786
makaylamcclain,Makayla McClain,Texas Volts,4,4,0,0.0,0,0,0,0,0,0,0,0,3,0,0,0,0,0.0,0.0,-1.3561641789582675,0.0,0.0,0,0,0,0,0,0.0,0,0,0.0,-0.04371739646437639,4,0.002142309305868231,0.08783468154059747,1,0,0,0,0.0,0.0,0.002142309305868231,0.0,0.000718020781534622,0.1607501086139266,-1.3561641789582675,-1.3561641789582675,-0.13248040823235552,0.0,0.0,-0.04157508715850816,-0.004061370005573945,-0.004061370005573945,-0.11670697605450725,-0.12076834606008119
kelseystewarthunter,Kelsey Stewart-Hunter,Texas Volts,1,1,0,0.0,0,0,0,0,0,0,0,0,0,0,0,0,1,0.0,0.0,-0.33904104473956687,0.3605957500159637,0.009124857800996939,0.3514708922149668,0.3514708922149668,0,0,2,0.0,0,0,0.0,0.0,0,0.0,0.0,0,0,0,0,0.0,0.0,0.0,0.0,0.0001795051953836555,0.04018752715348165,-0.33904104473956687,-0.33904104473956687,-0.03312010205808888,0.3605957500159637,0.03522572923704789,0.0,0.0,0.0,0.00604898522342108,0.00604898522342108
alanavawter,Alana Vawter,Oklahoma City Spark,0,0,0,0.0,0,0,0,0,0,0,0,0,0,0,0,0,0,0.0,0.0,0.0,0.0,0.0,0.0,0.0,0.0,0,0,0.0,0,0,0.0,0.0,0,0.0,0.0,0,0,0,0,0.0,0.0,0.0,0.0,0.0,0.0,0.0,0.0,0.0,0.0,0.0,0.0,0.0,0.0,0.0,0.0
allycarda,Ally Carda,Texas Volts,0,0,0,0.0,0,0,0,0,0,0,0,0,0,0,0,0,0,0.0,0.0,0.0,0.0,0.0,0.0,0.0,0.0,0,0,0.0,0,0,0.0,0.0,0,0.0,0.0,0,0,0,0,0.0,0.0,0.0,0.0,0.0,0.0,0.0,0.0,0.0,0.0,0.0,0.0,0.0,0.0,0.0,0.0
alyssadenham,Alyssa Denham,Texas Volts,0,0,0,0.0,0,0,0,0,0,0,0,0,0,0,0,0,0,0.0,0.0,0.0,0.0,0.0,0.0,0.0,0.0,0,0,0.0,0,0,0.0,0.0,0,0.0,0.0,0,0,0,0,0.0,0.0,0.0,0.0,0.0,0.0,0.0,0.0,0.0,0.0,0.0,0.0,0.0,0.0,0.0,0.0
amberfiser,Amber Fiser,Chicago Bandits,0,0,0,0.0,0,0,0,0,0,0,0,0,0,0,0,0,0,0.0,0.0,0.0,0.0,0.0,0.0,0.0,0.0,0,0,0.0,0,0,0.0,0.0,0,0.0,0.0,0,0,0,0,0.0,0.0,0.0,0.0,0.0,0.0,0.0,0.0,0.0,0.0,0.0,0.0,0.0,0.0,0.0,0.0
ashtonmaloney,Ashton Maloney,Portland Cascade,0,0,0,0.0,0,0,0,0,0,0,0,0,0,0,0,0,0,0.0,0.0,0.0,0.4060018342919371,0.0,0.4060018342919371,0.4060018342919371,0,0,3,0.0,0,0,0.0,-0.15431348760160285,4,-0.06438485108166303,-0.43229828583402324,7,0,0,0,0.0,0.0,-0.06438485108166303,0.0,0.0,0.0,0.0,0.0,0.0,0.4060018342919371,0.03966134011252052,-0.21869833868326588,-0.021364113311673448,-0.021364113311673448,0.03966134011252052,0.01829722680084707
carleyhoover,Carley Hoover,Portland Cascade,0,0,0,0.0,0,0,0,0,0,0,0,0,0,0,0,0,0,0.0,0.0,0.0,0.0,0.0,0.0,0.0,0.0,0,0,0.0,0,0,0.0,0.0,0,0.0,0.0,0,0,0,0,0.0,0.0,0.0,0.0,0.0,0.0,0.0,0.0,0.0,0.0,0.0,0.0,0.0,0.0,0.0,0.0
cassidycurd,Cassidy Curd,Oklahoma City Spark,0,0,0,0.0,0,0,0,0,0,0,0,0,0,0,0,0,0,0.0,0.0,0.0,0.0,0.0,0.0,0.0,0.0,0,0,0.0,0,0,0.0,0.0,0,0.0,0.0,0,0,0,0,0.0,0.0,0.0,0.0,0.0,0.0,0.0,0.0,0.0,0.0,0.0,0.0,0.0,0.0,0.0,0.0
emmalemley,Emma Lemley,Carolina Blaze,0,0,0,0.0,0,0,0,0,0,0,0,0,0,0,0,0,0,0.0,0.0,0.0,0.0,0.0,0.0,0.0,0.0,0,0,0.0,0,0,0.0,0.0,0,0.0,0.0,0,0,0,0,0.0,0.0,0.0,0.0,0.0,0.0,0.0,0.0,0.0,0.0,0.0,0.0,0.0,0.0,0.0,0.0
georginacorrick,Georgina Corrick,Utah Talons,0,0,0,0.0,0,0,0,0,0,0,0,0,0,0,0,0,0,0.0,0.0,0.0,0.0,0.0,0.0,0.0,0.0,0,0,0.0,0,0,0.0,0.0,0,0.0,0.0,0,0,0,0,0.0,0.0,0.0,0.0,0.0,0.0,0.0,0.0,0.0,0.0,0.0,0.0,0.0,0.0,0.0,0.0
jailynford,Jailyn Ford,Oklahoma City Spark,0,0,0,0.0,0,0,0,0,0,0,0,0,0,0,0,0,0,0.0,0.0,0.0,0.0,0.0,0.0,0.0,0.0,0,0,0.0,0,0,0.0,0.0,0,0.0,0.0,0,0,0,0,0.0,0.0,0.0,0.0,0.0,0.0,0.0,0.0,0.0,0.0,0.0,0.0,0.0,0.0,0.0,0.0
jalawright,Jala Wright,Carolina Blaze,0,0,0,0.0,0,0,0,0,0,0,0,0,0,0,0,0,0,0.0,0.0,0.0,-0.3529844073454649,0.0,-0.3529844073454649,-0.3529844073454649,0,0,4,0.0,0,0,0.0,0.0,0,0.0,0.0,0,0,0,0,0.0,0.0,0.0,0.0,0.0,0.0,0.0,0.0,0.0,-0.3529844073454649,-0.034482195526432856,0.0,0.0,0.0,-0.034482195526432856,-0.034482195526432856
jessicamullins,Jessica Mullins,Texas Volts,0,0,0,0.0,0,0,0,0,0,0,0,0,0,0,0,0,0,0.0,0.0,0.0,0.0,0.0,0.0,0.0,0.0,0,0,0.0,0,0,0.0,0.0,0,0.0,0.0,0,0,0,0,0.0,0.0,0.0,0.0,0.0,0.0,0.0,0.0,0.0,0.0,0.0,0.0,0.0,0.0,0.0,0.0
kaiahaltmeyer,Kaiah Altmeyer,Texas Volts,0,0,0,0.0,0,0,0,0,0,0,0,0,0,0,0,0,0,0.0,0.0,0.0,0.00039395429382244035,0.0,0.00039395429382244035,0.00039395429382244035,0,0,1,0.0,0,0,0.0,0.0,0,0.0,0.0,0,0,0,0,0.0,0.0,0.0,0.0,0.0,0.0,0.0,0.0,0.0,0.00039395429382244035,3.8484444936878315e-05,0.0,0.0,0.0,3.8484444936878315e-05,3.8484444936878315e-05
karlynpickens,Karlyn Pickens,Carolina Blaze,0,0,0,0.0,0,0,0,0,0,0,0,0,0,0,0,0,0,0.0,0.0,0.0,0.0,0.0,0.0,0.0,0.0,0,0,0.0,0,0,0.0,0.0,0,0.0,0.0,0,0,0,0,0.0,0.0,0.0,0.0,0.0,0.0,0.0,0.0,0.0,0.0,0.0,0.0,0.0,0.0,0.0,0.0
katsandercock,Kat Sandercock,Chicago Bandits,0,0,0,0.0,0,0,0,0,0,0,0,0,0,0,0,0,0,0.0,0.0,0.0,0.0,0.0,0.0,0.0,0.0,0,0,0.0,0,0,0.0,0.0,0,0.0,0.0,0,0,0,0,0.0,0.0,0.0,0.0,0.0,0.0,0.0,0.0,0.0,0.0,0.0,0.0,0.0,0.0,0.0,0.0
keilaniricketts,Keilani Ricketts,Carolina Blaze,0,0,0,0.0,0,0,0,0,0,0,0,0,0,0,0,0,0,0.0,0.0,0.0,0.0,0.0,0.0,0.0,0.0,0,0,0.0,0,0,0.0,0.0,0,0.0,0.0,0,0,0,0,0.0,0.0,0.0,0.0,0.0,0.0,0.0,0.0,0.0,0.0,0.0,0.0,0.0,0.0,0.0,0.0
kellymaxwell,Kelly Maxwell,Portland Cascade,0,0,0,0.0,0,0,0,0,0,0,0,0,0,0,0,0,0,0.0,0.0,0.0,0.0,0.0,0.0,0.0,0.0,0,0,0.0,0,0,0.0,0.0,0,0.0,0.0,0,0,0,0,0.0,0.0,0.0,0.0,0.0,0.0,0.0,0.0,0.0,0.0,0.0,0.0,0.0,0.0,0.0,0.0
kenziebrown,Kenzie Brown,Portland Cascade,0,0,0,0.0,0,0,0,0,0,0,0,0,0,0,0,0,0,0.0,0.0,0.0,0.0,0.0,0.0,0.0,0.0,0,0,0.0,0,0,0.0,0.0,0,0.0,0.0,0,0,0,0,0.0,0.0,0.0,0.0,0.0,0.0,0.0,0.0,0.0,0.0,0.0,0.0,0.0,0.0,0.0,0.0
kyleighsand,Kyleigh Sand,Chicago Bandits,0,0,0,0.0,0,0,0,0,0,0,0,0,0,0,0,0,0,0.0,0.0,0.0,-0.8150048972550205,0.0,-0.8150048972550205,-0.8150048972550205,0,0,6,0.0,0,0,0.0,0.0,0,0.0,0.0,0,0,0,0,0.0,0.0,0.0,0.0,0.0,0.0,0.0,0.0,0.0,-0.8150048972550205,-0.07961586301641776,0.0,0.0,0.0,-0.07961586301641776,-0.07961586301641776
lexikilfoyl,Lexi Kilfoyl,Chicago Bandits,0,0,0,0.0,0,0,0,0,0,0,0,0,0,0,0,0,0,0.0,0.0,0.0,0.0,0.0,0.0,0.0,0.0,0,0,0.0,0,0,0.0,0.0,0,0.0,0.0,0,0,0,0,0.0,0.0,0.0,0.0,0.0,0.0,0.0,0.0,0.0,0.0,0.0,0.0,0.0,0.0,0.0,0.0
lyndseygrein,Lyndsey Grein,Oklahoma City Spark,0,0,0,0.0,0,0,0,0,0,0,0,0,0,0,0,0,0,0.0,0.0,0.0,0.0,0.0,0.0,0.0,0.0,0,0,0.0,0,0,0.0,0.0,0,0.0,0.0,0,0,0,0,0.0,0.0,0.0,0.0,0.0,0.0,0.0,0.0,0.0,0.0,0.0,0.0,0.0,0.0,0.0,0.0
maddiepenta,Maddie Penta,Oklahoma City Spark,0,0,0,0.0,0,0,0,0,0,0,0,0,0,0,0,0,0,0.0,0.0,0.0,0.0,0.0,0.0,0.0,0.0,0,0,0.0,0,0,0.0,0.0,0,0.0,0.0,0,0,0,0,0.0,0.0,0.0,0.0,0.0,0.0,0.0,0.0,0.0,0.0,0.0,0.0,0.0,0.0,0.0,0.0
mariahlopez,Mariah Lopez,Chicago Bandits,0,0,0,0.0,0,0,0,0,0,0,0,0,0,0,0,0,0,0.0,0.0,0.0,0.0,0.0,0.0,0.0,0.0,0,0,0.0,0,0,0.0,0.0,0,0.0,0.0,0,0,0,0,0.0,0.0,0.0,0.0,0.0,0.0,0.0,0.0,0.0,0.0,0.0,0.0,0.0,0.0,0.0,0.0
mayajohnson,Maya Johnson,Oklahoma City Spark,0,0,0,0.0,0,0,0,0,0,0,0,0,0,0,0,0,0,0.0,0.0,0.0,0.0,0.0,0.0,0.0,0.0,0,0,0.0,0,0,0.0,0.0,0,0.0,0.0,0,0,0,0,0.0,0.0,0.0,0.0,0.0,0.0,0.0,0.0,0.0,0.0,0.0,0.0,0.0,0.0,0.0,0.0
meganfaraimo,Megan Faraimo,Utah Talons,0,0,0,0.0,0,0,0,0,0,0,0,0,0,0,0,0,0,0.0,0.0,0.0,0.0,0.0,0.0,0.0,0.0,0,0,0.0,0,0,0.0,0.0,0,0.0,0.0,0,0,0,0,0.0,0.0,0.0,0.0,0.0,0.0,0.0,0.0,0.0,0.0,0.0,0.0,0.0,0.0,0.0,0.0
montanafouts,Montana Fouts,Utah Talons,0,0,0,0.0,0,0,0,0,0,0,0,0,0,0,0,0,0,0.0,0.0,0.0,0.0,0.0,0.0,0.0,0.0,0,0,0.0,0,0,0.0,0.0,0,0.0,0.0,0,0,0,0,0.0,0.0,0.0,0.0,0.0,0.0,0.0,0.0,0.0,0.0,0.0,0.0,0.0,0.0,0.0,0.0
nijareecanady,NiJaree Canady,Texas Volts,0,0,0,0.0,0,0,0,0,0,0,0,0,0,0,0,0,0,0.0,0.0,0.0,0.0,0.0,0.0,0.0,0.0,0,0,0.0,0,0,0.0,0.0,0,0.0,0.0,0,0,0,0,0.0,0.0,0.0,0.0,0.0,0.0,0.0,0.0,0.0,0.0,0.0,0.0,0.0,0.0,0.0,0.0
odiccialexanderbennett,Odicci Alexander-Bennett,Chicago Bandits,0,0,0,0.0,0,0,0,0,0,0,0,0,0,0,0,0,0,0.0,0.0,0.0,0.0,0.0,0.0,0.0,0.0,0,0,0.0,0,0,0.0,0.0,0,0.0,0.0,0,0,0,0,0.0,0.0,0.0,0.0,0.0,0.0,0.0,0.0,0.0,0.0,0.0,0.0,0.0,0.0,0.0,0.0
paytongottshall,Payton Gottshall,Portland Cascade,0,0,0,0.0,0,0,0,0,0,0,0,0,0,0,0,0,0,0.0,0.0,0.0,0.0,0.0,0.0,0.0,0.0,0,0,0.0,0,0,0.0,0.0,0,0.0,0.0,0,0,0,0,0.0,0.0,0.0,0.0,0.0,0.0,0.0,0.0,0.0,0.0,0.0,0.0,0.0,0.0,0.0,0.0
pejagoold,Peja Goold,Oklahoma City Spark,0,0,0,0.0,0,0,0,0,0,0,0,0,0,0,0,0,0,0.0,0.0,0.0,0.0,0.0,0.0,0.0,0.0,0,0,0.0,0,0,0.0,0.0,0,0.0,0.0,0,0,0,0,0.0,0.0,0.0,0.0,0.0,0.0,0.0,0.0,0.0,0.0,0.0,0.0,0.0,0.0,0.0,0.0
rubymeylan,Ruby Meylan,Oklahoma City Spark,0,0,0,0.0,0,0,0,0,0,0,0,0,0,0,0,0,0,0.0,0.0,0.0,0.0,0.0,0.0,0.0,0.0,0,0,0.0,0,0,0.0,0.0,0,0.0,0.0,0,0,0,0,0.0,0.0,0.0,0.0,0.0,0.0,0.0,0.0,0.0,0.0,0.0,0.0,0.0,0.0,0.0,0.0
samlandry,Sam Landry,Portland Cascade,0,0,0,0.0,0,0,0,0,0,0,0,0,0,0,0,0,0,0.0,0.0,0.0,0.0,0.0,0.0,0.0,0.0,0,0,0.0,0,0,0.0,0.0,0,0.0,0.0,0,0,0,0,0.0,0.0,0.0,0.0,0.0,0.0,0.0,0.0,0.0,0.0,0.0,0.0,0.0,0.0,0.0,0.0
taylormcquillin,Taylor McQuillin,Chicago Bandits,0,0,0,0.0,0,0,0,0,0,0,0,0,0,0,0,0,0,0.0,0.0,0.0,0.0,0.0,0.0,0.0,0.0,0,0,0.0,0,0,0.0,0.0,0,0.0,0.0,0,0,0,0,0.0,0.0,0.0,0.0,0.0,0.0,0.0,0.0,0.0,0.0,0.0,0.0,0.0,0.0,0.0,0.0
taylortinsley,Taylor Tinsley,Utah Talons,0,0,0,0.0,0,0,0,0,0,0,0,0,0,0,0,0,0,0.0,0.0,0.0,0.0,0.0,0.0,0.0,0.0,0,0,0.0,0,0,0.0,0.0,0,0.0,0.0,0,0,0,0,0.0,0.0,0.0,0.0,0.0,0.0,0.0,0.0,0.0,0.0,0.0,0.0,0.0,0.0,0.0,0.0
